"time","metric","scenario","group","load_zone","tags","count"
"2024-04-25T23:51:06+00:00","iterations","default","","","{}",1
"2024-04-25T23:51:09+00:00","iterations","default","","","{}",1
"2024-04-25T23:51:15+00:00","iterations","default","","","{}",1
"2024-04-25T23:51:18+00:00","iterations","default","","","{}",1
"2024-04-25T23:51:21+00:00","iterations","default","","","{}",1
"2024-04-25T23:51:27+00:00","iterations","default","","","{}",1
"2024-04-25T23:51:30+00:00","iterations","default","","","{}",1
"2024-04-25T23:51:33+00:00","iterations","default","","","{}",1
"2024-04-25T23:51:36+00:00","iterations","default","","","{}",1
"2024-04-25T23:51:39+00:00","iterations","default","","","{}",2
"2024-04-25T23:51:42+00:00","iterations","default","","","{}",1
"2024-04-25T23:51:45+00:00","iterations","default","","","{}",2
"2024-04-25T23:51:48+00:00","iterations","default","","","{}",1
"2024-04-25T23:51:51+00:00","iterations","default","","","{}",2
"2024-04-25T23:51:54+00:00","iterations","default","","","{}",1
"2024-04-25T23:51:57+00:00","iterations","default","","","{}",1
"2024-04-25T23:52:00+00:00","iterations","default","","","{}",2
"2024-04-25T23:52:03+00:00","iterations","default","","","{}",1
"2024-04-25T23:52:09+00:00","iterations","default","","","{}",2
"2024-04-25T23:52:12+00:00","iterations","default","","","{}",3
"2024-04-25T23:52:15+00:00","iterations","default","","","{}",3
"2024-04-25T23:52:18+00:00","iterations","default","","","{}",1
"2024-04-25T23:52:21+00:00","iterations","default","","","{}",2
"2024-04-25T23:52:24+00:00","iterations","default","","","{}",3
"2024-04-25T23:52:27+00:00","iterations","default","","","{}",3
"2024-04-25T23:52:30+00:00","iterations","default","","","{}",1
"2024-04-25T23:52:33+00:00","iterations","default","","","{}",2
"2024-04-25T23:52:36+00:00","iterations","default","","","{}",4
"2024-04-25T23:52:39+00:00","iterations","default","","","{}",4
"2024-04-25T23:52:42+00:00","iterations","default","","","{}",1
"2024-04-25T23:52:45+00:00","iterations","default","","","{}",3
"2024-04-25T23:52:48+00:00","iterations","default","","","{}",4
"2024-04-25T23:52:51+00:00","iterations","default","","","{}",4
"2024-04-25T23:52:54+00:00","iterations","default","","","{}",1
"2024-04-25T23:52:57+00:00","iterations","default","","","{}",3
"2024-04-25T23:53:00+00:00","iterations","default","","","{}",4
"2024-04-25T23:53:03+00:00","iterations","default","","","{}",2
"2024-04-25T23:53:06+00:00","iterations","default","","","{}",3
"2024-04-25T23:53:09+00:00","iterations","default","","","{}",5
"2024-04-25T23:53:12+00:00","iterations","default","","","{}",5
"2024-04-25T23:53:15+00:00","iterations","default","","","{}",5
"2024-04-25T23:53:18+00:00","iterations","default","","","{}",4
"2024-04-25T23:53:21+00:00","iterations","default","","","{}",7
"2024-04-25T23:53:24+00:00","iterations","default","","","{}",7
"2024-04-25T23:53:27+00:00","iterations","default","","","{}",6
"2024-04-25T23:53:30+00:00","iterations","default","","","{}",6
"2024-04-25T23:53:33+00:00","iterations","default","","","{}",8
"2024-04-25T23:53:36+00:00","iterations","default","","","{}",9
"2024-04-25T23:53:39+00:00","iterations","default","","","{}",6
"2024-04-25T23:53:42+00:00","iterations","default","","","{}",10
"2024-04-25T23:53:45+00:00","iterations","default","","","{}",9
"2024-04-25T23:53:48+00:00","iterations","default","","","{}",8
"2024-04-25T23:53:51+00:00","iterations","default","","","{}",9
"2024-04-25T23:53:54+00:00","iterations","default","","","{}",13
"2024-04-25T23:53:57+00:00","iterations","default","","","{}",11
"2024-04-25T23:54:00+00:00","iterations","default","","","{}",9
"2024-04-25T23:54:03+00:00","iterations","default","","","{}",12
"2024-04-25T23:54:06+00:00","iterations","default","","","{}",13
"2024-04-25T23:54:09+00:00","iterations","default","","","{}",14
"2024-04-25T23:54:12+00:00","iterations","default","","","{}",11
"2024-04-25T23:54:15+00:00","iterations","default","","","{}",12
"2024-04-25T23:54:18+00:00","iterations","default","","","{}",16
"2024-04-25T23:54:21+00:00","iterations","default","","","{}",15
"2024-04-25T23:54:24+00:00","iterations","default","","","{}",13
"2024-04-25T23:54:27+00:00","iterations","default","","","{}",14
"2024-04-25T23:54:30+00:00","iterations","default","","","{}",17
"2024-04-25T23:54:33+00:00","iterations","default","","","{}",16
"2024-04-25T23:54:36+00:00","iterations","default","","","{}",15
"2024-04-25T23:54:39+00:00","iterations","default","","","{}",16
"2024-04-25T23:54:42+00:00","iterations","default","","","{}",18
"2024-04-25T23:54:45+00:00","iterations","default","","","{}",18
"2024-04-25T23:54:48+00:00","iterations","default","","","{}",16
"2024-04-25T23:54:51+00:00","iterations","default","","","{}",19
"2024-04-25T23:54:54+00:00","iterations","default","","","{}",20
"2024-04-25T23:54:57+00:00","iterations","default","","","{}",18
"2024-04-25T23:55:00+00:00","iterations","default","","","{}",16
"2024-04-25T23:55:03+00:00","iterations","default","","","{}",24
"2024-04-25T23:55:06+00:00","iterations","default","","","{}",21
"2024-04-25T23:55:09+00:00","iterations","default","","","{}",19
"2024-04-25T23:55:12+00:00","iterations","default","","","{}",20
"2024-04-25T23:55:15+00:00","iterations","default","","","{}",25
"2024-04-25T23:55:18+00:00","iterations","default","","","{}",22
"2024-04-25T23:55:21+00:00","iterations","default","","","{}",21
"2024-04-25T23:55:24+00:00","iterations","default","","","{}",21
"2024-04-25T23:55:27+00:00","iterations","default","","","{}",26
"2024-04-25T23:55:30+00:00","iterations","default","","","{}",25
"2024-04-25T23:55:33+00:00","iterations","default","","","{}",22
"2024-04-25T23:55:36+00:00","iterations","default","","","{}",23
"2024-04-25T23:55:39+00:00","iterations","default","","","{}",28
"2024-04-25T23:55:42+00:00","iterations","default","","","{}",27
"2024-04-25T23:55:45+00:00","iterations","default","","","{}",24
"2024-04-25T23:55:48+00:00","iterations","default","","","{}",24
"2024-04-25T23:55:51+00:00","iterations","default","","","{}",26
"2024-04-25T23:55:54+00:00","iterations","default","","","{}",30
"2024-04-25T23:55:57+00:00","iterations","default","","","{}",25
"2024-04-25T23:56:00+00:00","iterations","default","","","{}",29
"2024-04-25T23:56:03+00:00","iterations","default","","","{}",28
"2024-04-25T23:56:06+00:00","iterations","default","","","{}",28
"2024-04-25T23:56:09+00:00","iterations","default","","","{}",30
"2024-04-25T23:56:12+00:00","iterations","default","","","{}",29
"2024-04-25T23:56:15+00:00","iterations","default","","","{}",32
"2024-04-25T23:56:18+00:00","iterations","default","","","{}",29
"2024-04-25T23:56:21+00:00","iterations","default","","","{}",27
"2024-04-25T23:56:24+00:00","iterations","default","","","{}",35
"2024-04-25T23:56:27+00:00","iterations","default","","","{}",33
"2024-04-25T23:56:30+00:00","iterations","default","","","{}",30
"2024-04-25T23:56:33+00:00","iterations","default","","","{}",31
"2024-04-25T23:56:36+00:00","iterations","default","","","{}",37
"2024-04-25T23:56:39+00:00","iterations","default","","","{}",34
"2024-04-25T23:56:42+00:00","iterations","default","","","{}",32
"2024-04-25T23:56:45+00:00","iterations","default","","","{}",32
"2024-04-25T23:56:48+00:00","iterations","default","","","{}",38
"2024-04-25T23:56:51+00:00","iterations","default","","","{}",37
"2024-04-25T23:56:54+00:00","iterations","default","","","{}",34
"2024-04-25T23:56:57+00:00","iterations","default","","","{}",33
"2024-04-25T23:57:00+00:00","iterations","default","","","{}",39
"2024-04-25T23:57:03+00:00","iterations","default","","","{}",37
"2024-04-25T23:57:06+00:00","iterations","default","","","{}",35
"2024-04-25T23:57:09+00:00","iterations","default","","","{}",35
"2024-04-25T23:57:12+00:00","iterations","default","","","{}",39
"2024-04-25T23:57:15+00:00","iterations","default","","","{}",39
"2024-04-25T23:57:18+00:00","iterations","default","","","{}",40
"2024-04-25T23:57:21+00:00","iterations","default","","","{}",38
"2024-04-25T23:57:24+00:00","iterations","default","","","{}",40
"2024-04-25T23:57:27+00:00","iterations","default","","","{}",39
"2024-04-25T23:57:30+00:00","iterations","default","","","{}",43
"2024-04-25T23:57:33+00:00","iterations","default","","","{}",43
"2024-04-25T23:57:36+00:00","iterations","default","","","{}",41
"2024-04-25T23:57:39+00:00","iterations","default","","","{}",41
"2024-04-25T23:57:42+00:00","iterations","default","","","{}",40
"2024-04-25T23:57:45+00:00","iterations","default","","","{}",47
"2024-04-25T23:57:48+00:00","iterations","default","","","{}",44
"2024-04-25T23:57:51+00:00","iterations","default","","","{}",42
"2024-04-25T23:57:54+00:00","iterations","default","","","{}",42
"2024-04-25T23:57:57+00:00","iterations","default","","","{}",51
"2024-04-25T23:58:00+00:00","iterations","default","","","{}",46
"2024-04-25T23:58:03+00:00","iterations","default","","","{}",44
"2024-04-25T23:58:06+00:00","iterations","default","","","{}",44
"2024-04-25T23:58:09+00:00","iterations","default","","","{}",51
"2024-04-25T23:58:12+00:00","iterations","default","","","{}",47
"2024-04-25T23:58:15+00:00","iterations","default","","","{}",46
"2024-04-25T23:58:18+00:00","iterations","default","","","{}",47
"2024-04-25T23:58:21+00:00","iterations","default","","","{}",55
"2024-04-25T23:58:24+00:00","iterations","default","","","{}",47
"2024-04-25T23:58:27+00:00","iterations","default","","","{}",49
"2024-04-25T23:58:30+00:00","iterations","default","","","{}",48
"2024-04-25T23:58:33+00:00","iterations","default","","","{}",54
"2024-04-25T23:58:36+00:00","iterations","default","","","{}",49
"2024-04-25T23:58:39+00:00","iterations","default","","","{}",51
"2024-04-25T23:58:42+00:00","iterations","default","","","{}",49
"2024-04-25T23:58:45+00:00","iterations","default","","","{}",54
"2024-04-25T23:58:48+00:00","iterations","default","","","{}",46
"2024-04-25T23:58:51+00:00","iterations","default","","","{}",55
"2024-04-25T23:58:54+00:00","iterations","default","","","{}",59
"2024-04-25T23:58:57+00:00","iterations","default","","","{}",53
"2024-04-25T23:59:00+00:00","iterations","default","","","{}",52
"2024-04-25T23:59:03+00:00","iterations","default","","","{}",53
"2024-04-25T23:59:06+00:00","iterations","default","","","{}",62
"2024-04-25T23:59:09+00:00","iterations","default","","","{}",58
"2024-04-25T23:59:12+00:00","iterations","default","","","{}",53
"2024-04-25T23:59:15+00:00","iterations","default","","","{}",55
"2024-04-25T23:59:18+00:00","iterations","default","","","{}",64
"2024-04-25T23:59:21+00:00","iterations","default","","","{}",59
"2024-04-25T23:59:24+00:00","iterations","default","","","{}",55
"2024-04-25T23:59:27+00:00","iterations","default","","","{}",57
"2024-04-25T23:59:30+00:00","iterations","default","","","{}",66
"2024-04-25T23:59:33+00:00","iterations","default","","","{}",60
"2024-04-25T23:59:36+00:00","iterations","default","","","{}",56
"2024-04-25T23:59:39+00:00","iterations","default","","","{}",59
"2024-04-25T23:59:42+00:00","iterations","default","","","{}",70
"2024-04-25T23:59:45+00:00","iterations","default","","","{}",61
"2024-04-25T23:59:48+00:00","iterations","default","","","{}",59
"2024-04-25T23:59:51+00:00","iterations","default","","","{}",60
"2024-04-25T23:59:54+00:00","iterations","default","","","{}",72
"2024-04-25T23:59:57+00:00","iterations","default","","","{}",63
"2024-04-26T00:00:00+00:00","iterations","default","","","{}",57
"2024-04-26T00:00:03+00:00","iterations","default","","","{}",63
"2024-04-26T00:00:06+00:00","iterations","default","","","{}",73
"2024-04-26T00:00:09+00:00","iterations","default","","","{}",57
"2024-04-26T00:00:12+00:00","iterations","default","","","{}",68
"2024-04-26T00:00:15+00:00","iterations","default","","","{}",66
"2024-04-26T00:00:18+00:00","iterations","default","","","{}",70
"2024-04-26T00:00:21+00:00","iterations","default","","","{}",64
"2024-04-26T00:00:24+00:00","iterations","default","","","{}",71
"2024-04-26T00:00:27+00:00","iterations","default","","","{}",67
"2024-04-26T00:00:30+00:00","iterations","default","","","{}",72
"2024-04-26T00:00:33+00:00","iterations","default","","","{}",61
"2024-04-26T00:00:36+00:00","iterations","default","","","{}",71
"2024-04-26T00:00:39+00:00","iterations","default","","","{}",74
"2024-04-26T00:00:42+00:00","iterations","default","","","{}",74
"2024-04-26T00:00:45+00:00","iterations","default","","","{}",66
"2024-04-26T00:00:48+00:00","iterations","default","","","{}",68
"2024-04-26T00:00:51+00:00","iterations","default","","","{}",78
"2024-04-26T00:00:54+00:00","iterations","default","","","{}",71
"2024-04-26T00:00:57+00:00","iterations","default","","","{}",70
"2024-04-26T00:01:00+00:00","iterations","default","","","{}",72
"2024-04-26T00:01:03+00:00","iterations","default","","","{}",82
"2024-04-26T00:01:06+00:00","iterations","default","","","{}",73
"2024-04-26T00:01:09+00:00","iterations","default","","","{}",72
"2024-04-26T00:01:12+00:00","iterations","default","","","{}",68
"2024-04-26T00:01:15+00:00","iterations","default","","","{}",85
"2024-04-26T00:01:18+00:00","iterations","default","","","{}",71
"2024-04-26T00:01:21+00:00","iterations","default","","","{}",71
"2024-04-26T00:01:24+00:00","iterations","default","","","{}",73
"2024-04-26T00:01:27+00:00","iterations","default","","","{}",83
"2024-04-26T00:01:30+00:00","iterations","default","","","{}",73
"2024-04-26T00:01:33+00:00","iterations","default","","","{}",71
"2024-04-26T00:01:36+00:00","iterations","default","","","{}",73
"2024-04-26T00:01:39+00:00","iterations","default","","","{}",83
"2024-04-26T00:01:42+00:00","iterations","default","","","{}",69
"2024-04-26T00:01:45+00:00","iterations","default","","","{}",75
"2024-04-26T00:01:48+00:00","iterations","default","","","{}",73
"2024-04-26T00:01:51+00:00","iterations","default","","","{}",82
"2024-04-26T00:01:54+00:00","iterations","default","","","{}",64
"2024-04-26T00:01:57+00:00","iterations","default","","","{}",79
"2024-04-26T00:02:00+00:00","iterations","default","","","{}",75
"2024-04-26T00:02:03+00:00","iterations","default","","","{}",78
"2024-04-26T00:02:06+00:00","iterations","default","","","{}",67
"2024-04-26T00:02:09+00:00","iterations","default","","","{}",75
"2024-04-26T00:02:12+00:00","iterations","default","","","{}",75
"2024-04-26T00:02:15+00:00","iterations","default","","","{}",80
"2024-04-26T00:02:18+00:00","iterations","default","","","{}",68
"2024-04-26T00:02:21+00:00","iterations","default","","","{}",77
"2024-04-26T00:02:24+00:00","iterations","default","","","{}",74
"2024-04-26T00:02:27+00:00","iterations","default","","","{}",74
"2024-04-26T00:02:30+00:00","iterations","default","","","{}",71
"2024-04-26T00:02:33+00:00","iterations","default","","","{}",77
"2024-04-26T00:02:36+00:00","iterations","default","","","{}",71
"2024-04-26T00:02:39+00:00","iterations","default","","","{}",75
"2024-04-26T00:02:42+00:00","iterations","default","","","{}",74
"2024-04-26T00:02:45+00:00","iterations","default","","","{}",74
"2024-04-26T00:02:48+00:00","iterations","default","","","{}",77
"2024-04-26T00:02:51+00:00","iterations","default","","","{}",73
"2024-04-26T00:02:54+00:00","iterations","default","","","{}",74
"2024-04-26T00:02:57+00:00","iterations","default","","","{}",72
"2024-04-26T00:03:00+00:00","iterations","default","","","{}",81
"2024-04-26T00:03:03+00:00","iterations","default","","","{}",73
"2024-04-26T00:03:06+00:00","iterations","default","","","{}",74
"2024-04-26T00:03:09+00:00","iterations","default","","","{}",67
"2024-04-26T00:03:12+00:00","iterations","default","","","{}",86
"2024-04-26T00:03:15+00:00","iterations","default","","","{}",73
"2024-04-26T00:03:18+00:00","iterations","default","","","{}",72
"2024-04-26T00:03:21+00:00","iterations","default","","","{}",68
"2024-04-26T00:03:24+00:00","iterations","default","","","{}",87
"2024-04-26T00:03:27+00:00","iterations","default","","","{}",73
"2024-04-26T00:03:30+00:00","iterations","default","","","{}",68
"2024-04-26T00:03:33+00:00","iterations","default","","","{}",72
"2024-04-26T00:03:36+00:00","iterations","default","","","{}",84
"2024-04-26T00:03:39+00:00","iterations","default","","","{}",73
"2024-04-26T00:03:42+00:00","iterations","default","","","{}",68
"2024-04-26T00:03:45+00:00","iterations","default","","","{}",75
"2024-04-26T00:03:48+00:00","iterations","default","","","{}",84
"2024-04-26T00:03:51+00:00","iterations","default","","","{}",67
"2024-04-26T00:03:54+00:00","iterations","default","","","{}",72
"2024-04-26T00:03:57+00:00","iterations","default","","","{}",77
"2024-04-26T00:04:00+00:00","iterations","default","","","{}",81
"2024-04-26T00:04:03+00:00","iterations","default","","","{}",64
"2024-04-26T00:04:06+00:00","iterations","default","","","{}",75
"2024-04-26T00:04:09+00:00","iterations","default","","","{}",75
"2024-04-26T00:04:12+00:00","iterations","default","","","{}",79
"2024-04-26T00:04:15+00:00","iterations","default","","","{}",68
"2024-04-26T00:04:18+00:00","iterations","default","","","{}",78
"2024-04-26T00:04:21+00:00","iterations","default","","","{}",75
"2024-04-26T00:04:24+00:00","iterations","default","","","{}",75
"2024-04-26T00:04:27+00:00","iterations","default","","","{}",71
"2024-04-26T00:04:30+00:00","iterations","default","","","{}",68
"2024-04-26T00:04:33+00:00","iterations","default","","","{}",86
"2024-04-26T00:04:36+00:00","iterations","default","","","{}",74
"2024-04-26T00:04:39+00:00","iterations","default","","","{}",68
"2024-04-26T00:04:42+00:00","iterations","default","","","{}",66
"2024-04-26T00:04:45+00:00","iterations","default","","","{}",86
"2024-04-26T00:04:48+00:00","iterations","default","","","{}",77
"2024-04-26T00:04:51+00:00","iterations","default","","","{}",71
"2024-04-26T00:04:54+00:00","iterations","default","","","{}",64
"2024-04-26T00:04:57+00:00","iterations","default","","","{}",86
"2024-04-26T00:05:00+00:00","iterations","default","","","{}",78
"2024-04-26T00:05:03+00:00","iterations","default","","","{}",69
"2024-04-26T00:05:06+00:00","iterations","default","","","{}",67
"2024-04-26T00:05:09+00:00","iterations","default","","","{}",86
"2024-04-26T00:05:12+00:00","iterations","default","","","{}",73
"2024-04-26T00:05:15+00:00","iterations","default","","","{}",74
"2024-04-26T00:05:18+00:00","iterations","default","","","{}",67
"2024-04-26T00:05:21+00:00","iterations","default","","","{}",86
"2024-04-26T00:05:24+00:00","iterations","default","","","{}",73
"2024-04-26T00:05:27+00:00","iterations","default","","","{}",74
"2024-04-26T00:05:30+00:00","iterations","default","","","{}",66
"2024-04-26T00:05:33+00:00","iterations","default","","","{}",87
"2024-04-26T00:05:36+00:00","iterations","default","","","{}",73
"2024-04-26T00:05:39+00:00","iterations","default","","","{}",70
"2024-04-26T00:05:42+00:00","iterations","default","","","{}",70
"2024-04-26T00:05:45+00:00","iterations","default","","","{}",87
"2024-04-26T00:05:48+00:00","iterations","default","","","{}",67
"2024-04-26T00:05:51+00:00","iterations","default","","","{}",75
"2024-04-26T00:05:54+00:00","iterations","default","","","{}",71
"2024-04-26T00:05:57+00:00","iterations","default","","","{}",84
"2024-04-26T00:06:00+00:00","iterations","default","","","{}",69
"2024-04-26T00:06:03+00:00","iterations","default","","","{}",70
"2024-04-26T00:06:06+00:00","iterations","default","","","{}",23
